{
  "cells": {
    "cold_apply_parallel": 14.445837789971847,
    "noop_apply_parallel": 0.08232653903542086
  },
  "cold_apply_peak_rss_kib": 21588,
  "jobs": 5,
  "n": 5,
  "rep": 3
}
