{
  "cells": {
    "audit_parallel": 0.36134525801753625,
    "cold_apply_parallel": 15.76174401101889,
    "noop_apply_parallel": 0.12433817703276873,
    "verify_parallel": 5.465640488953795
  },
  "cold_apply_peak_rss_kib": 21884,
  "jobs": 25,
  "n": 10,
  "rep": 4
}
