{
  "cells": {
    "cold_apply_parallel": 18.42712088598637,
    "noop_apply_parallel": 0.1597456950112246
  },
  "cold_apply_peak_rss_kib": 23172,
  "jobs": 25,
  "n": 25,
  "rep": 5
}
