{
  "cells": {
    "cold_apply_parallel": 18.46932155697141,
    "noop_apply_parallel": 0.16026986902579665
  },
  "cold_apply_peak_rss_kib": 23176,
  "jobs": 25,
  "n": 25,
  "rep": 1
}
