{
  "cells": {
    "audit_parallel": 0.33144193596672267,
    "cold_apply_parallel": 15.253921229043044,
    "noop_apply_parallel": 0.108306587964762,
    "verify_parallel": 5.178793568979017
  },
  "cold_apply_peak_rss_kib": 21412,
  "jobs": 25,
  "n": 5,
  "rep": 3
}
