{
  "cells": {
    "audit_parallel": 0.8822469949955121,
    "cold_apply_parallel": 37.8478875150322,
    "noop_apply_parallel": 0.24100760300643742,
    "verify_parallel": 13.094827021996025
  },
  "cold_apply_peak_rss_kib": 24256,
  "jobs": 25,
  "n": 50,
  "rep": 4
}
