{
  "cells": {
    "audit_parallel": 0.40220227203099057,
    "cold_apply_parallel": 16.303705041995272,
    "noop_apply_parallel": 0.12315322499489412,
    "verify_parallel": 5.477157039975282
  },
  "cold_apply_peak_rss_kib": 21952,
  "jobs": 25,
  "n": 10,
  "rep": 5
}
